4660019530422;Тетрадь 12 листов;
4603933004785;Спрей назальный Аква AirMore;
8714100708408;Крем для рук Бархатные ручки;
9023800152343;Клеящий карандаш Attache;
4606224042305;Грифели для механиеских карандашей 20 штук Brauberg;
4680017710145;Клей ПВА Склей-ка;
8002110311863;Детское масло Gormonis;
4005808246236;Молочко для тела Nivea;
4606224001159;Разбавитель корректирующей жидкости;
4606224091051;Решение ЗФТШ М2_10_2018; первая часть;
4606224091051;Решение ЗФТШ М2_10_2018; вторая часть;
9785373051934;Эрин Хантер Коты-Воители Закон племён;
9785699881253;Енотий дневник;
4606782210758;Тетрадь общая 48 листов ХАТБЕР;
4601921353136;Тетрадь 18 листов в линейку Полиграфика;
4607086567654;Крем для ног смягчающий Le Boufon;
9785090131186;Математика 1 класс 2 часть;
4607098718716;Папка-скоросшиватель с пружинным механизмом;
4606224165158;Ручка 0.7 мм синяя Brauberg;
4606224159744;Ручка синяя 0.7 мм Brauberg;
